{"val_loss": 0.01553952693939209, "valid_per_image_iou": 0.9909735321998596, "valid_dataset_iou": 0.9909728169441223, "valid_f1_score": 0.9954655170440674, "epoch": 30, "trainer/global_step": 600, "_timestamp": 1726915970.2448094, "_runtime": 146.05233240127563, "_step": 61, "train_per_image_iou": 0.9905182123184204, "train_dataset_iou": 0.9905190467834473, "train_f1_score": 0.9952364563941956, "test_per_image_iou": 0.9910772442817688, "test_dataset_iou": 0.9910755753517151, "test_f1_score": 0.9955173134803772, "_wandb": {"runtime": 169}}