{"val_loss": 0.005381226539611816, "valid_per_image_iou": 0.992753267288208, "valid_dataset_iou": 0.9927532076835632, "valid_f1_score": 0.9963629841804504, "epoch": 100, "trainer/global_step": 2000, "_timestamp": 1727001117.669217, "_runtime": 511.90842509269714, "_step": 201, "train_per_image_iou": 0.9928943514823914, "train_dataset_iou": 0.9928954839706421, "train_f1_score": 0.9964345693588257, "test_per_image_iou": 0.9926027059555054, "test_dataset_iou": 0.992601752281189, "test_f1_score": 0.9962866902351379}