{"val_loss": 0.015361949801445007, "valid_per_image_iou": 0.9873373508453369, "valid_dataset_iou": 0.9873371720314026, "valid_f1_score": 0.9936277866363525, "epoch": 30, "trainer/global_step": 600, "_timestamp": 1726917728.8930078, "_runtime": 185.37193274497986, "_step": 61, "train_per_image_iou": 0.9889554977416992, "train_dataset_iou": 0.988955557346344, "train_f1_score": 0.9944466948509216, "test_per_image_iou": 0.989492654800415, "test_dataset_iou": 0.9894912242889404, "test_f1_score": 0.9947173595428467}