{"val_loss": 0.014644607901573181, "valid_per_image_iou": 0.9882156252861023, "valid_dataset_iou": 0.9882150292396545, "valid_f1_score": 0.9940721392631531, "epoch": 30, "trainer/global_step": 600, "_timestamp": 1726916413.0133953, "_runtime": 186.96942019462585, "_step": 61, "train_per_image_iou": 0.9893425107002258, "train_dataset_iou": 0.989342987537384, "train_f1_score": 0.9946424961090088, "test_per_image_iou": 0.9886478185653687, "test_dataset_iou": 0.9886442422866821, "test_f1_score": 0.994289219379425}