{"val_loss": 0.004342958331108093, "valid_per_image_iou": 0.994335412979126, "valid_dataset_iou": 0.9943353533744812, "valid_f1_score": 0.9971591830253601, "epoch": 100, "trainer/global_step": 2000, "_timestamp": 1727000543.486649, "_runtime": 535.8347010612488, "_step": 201, "train_per_image_iou": 0.9935392737388611, "train_dataset_iou": 0.993540346622467, "train_f1_score": 0.9967592358589172, "test_per_image_iou": 0.9942617416381836, "test_dataset_iou": 0.9942614436149597, "test_f1_score": 0.9971219897270203, "_wandb": {"runtime": 591}}