{"val_loss": 0.013405263423919678, "valid_per_image_iou": 0.9919140338897705, "valid_dataset_iou": 0.9919138550758362, "valid_f1_score": 0.995940089225769, "epoch": 30, "trainer/global_step": 600, "_timestamp": 1726917511.1898057, "_runtime": 188.8400797843933, "_step": 61, "train_per_image_iou": 0.991294801235199, "train_dataset_iou": 0.9912958145141602, "train_f1_score": 0.9956284165382385, "test_per_image_iou": 0.9917731285095215, "test_dataset_iou": 0.9917721152305603, "test_f1_score": 0.9958686232566833, "_wandb": {"runtime": 215}}