{"val_loss": 0.013683512806892395, "valid_per_image_iou": 0.9921114444732666, "valid_dataset_iou": 0.9921113848686218, "valid_f1_score": 0.996039628982544, "epoch": 30, "trainer/global_step": 600, "_timestamp": 1726916191.83473, "_runtime": 191.4160978794098, "_step": 61, "train_per_image_iou": 0.9913758635520935, "train_dataset_iou": 0.9913768768310547, "train_f1_score": 0.9956693053245544, "test_per_image_iou": 0.9918500185012817, "test_dataset_iou": 0.9918493032455444, "test_f1_score": 0.9959075450897217, "_wandb": {"runtime": 218}}