{"val_loss": 0.013718008995056152, "valid_per_image_iou": 0.9910922050476074, "valid_dataset_iou": 0.9910920262336731, "valid_f1_score": 0.995525598526001, "epoch": 30, "trainer/global_step": 600, "_timestamp": 1726917264.1299922, "_runtime": 135.93241429328918, "_step": 61, "train_per_image_iou": 0.9907373785972595, "train_dataset_iou": 0.9907381534576416, "train_f1_score": 0.9953470230102539, "test_per_image_iou": 0.9909394979476929, "test_dataset_iou": 0.9909383654594421, "test_f1_score": 0.995448112487793, "_wandb": {"runtime": 186}}