{"val_loss": 0.004751726984977722, "valid_per_image_iou": 0.9936294555664062, "valid_dataset_iou": 0.9936292767524719, "valid_f1_score": 0.9968039989471436, "epoch": 100, "trainer/global_step": 2000, "_timestamp": 1726999975.213455, "_runtime": 372.36842584609985, "_step": 201, "train_per_image_iou": 0.99322909116745, "train_dataset_iou": 0.9932301044464111, "train_f1_score": 0.9966030716896057, "test_per_image_iou": 0.9939194917678833, "test_dataset_iou": 0.9939191341400146, "test_f1_score": 0.9969498515129089, "_wandb": {"runtime": 396}}